<?xml version="1.0"?>
<!DOCTYPE service-builder PUBLIC "-//Liferay//DTD Service Builder 7.4.0//EN" "http://www.liferay.com/dtd/liferay-service-builder_7_4_0.dtd">

<service-builder dependency-injector="ds" package-path="com.liferay.training.gradebook" auto-namespace-tables="true">
    <author>hgrahul</author>
    <namespace>Gradebook</namespace>
    <entity name="Assignment" local-service="true" remote-service="true" uuid="true">
    	<!-- PK fields -->
    	<column name="assignmentId" primary="true" type="long"></column>

    	<!-- Group instance -->
    	<column name="groupId" type="long"></column>

    	<!-- Audit fields -->
    	<column name="companyId" type="long"></column>
    	<column name="userId" type="long"></column>
    	<column name="userName" type="String"></column>
    	<column name="createDate" type="Date"></column>
    	<column name="modifiedDate" type="Date"></column>
    	
    	<!-- Actual Assignment Fields -->
    	<column name="title" type="String" localized="true" />
    	<column name="description" type="String" localized="true" />
    	<column name="dueDate" type="Date" />
    	
		<!-- Status Field For Workflow and Status Of Assignment Records (Approved, Rejected and Pending..) -->	
		<column name="status" type="int" />
		<column name="statusByUserId" type="long" />
		<column name="statusByUserName" type="String" />
		<column name="statusDate" type="Date" />
        
        <!-- Ordering Based On The Title Field -->
        <order by="asc">
            <order-column name="title"></order-column>
        </order>
		
		<!-- Finder Or Retrive Assignment Entity Based On The GroupId Or WebsiteId -->
		<finder name="GroupId" return-type="Collection">
			<finder-column name="groupId" />
		</finder>
		
		<!-- Group References For Assignment -->
		<reference entity="Group" package-path="com.liferay.portal"/>
		
		<!-- Asset References For Assignment -->
		<reference entity="AssetEntry" package-path="com.liferay.portlet.asset"/>
		<reference entity="AssetTag" package-path="com.liferay.portlet.asset"/>
		<reference entity="AssetLink" package-path="com.liferay.portlet.asset"/>
		
		<!-- Workflow References For Assignment -->
		<reference entity="WorkflowInstanceLink" package-path="com.liferay.portal"/>
    </entity>
	<exceptions>
		<exception>AssignmentValidation</exception>
	</exceptions>
</service-builder>